Timestamp,Source,Title,Link,Status
2025-08-20 17:52:33,Indian Compliance,No updates found,NA,No new update
2025-08-20 17:52:33,GDPR,No updates found,NA,No new update
2025-08-20 17:52:33,FERPA,A Parent Guide to the Family Educational Rights and Privacy Act (FERPA),https://studentprivacy.ed.gov/resources/parent-guide-family-educational-rights-and-privacy-act-ferpa,NEW UPDATE FOUND
2025-08-20 17:52:33,NIST,"NIST Awards Over $1.8 Million to Small Businesses Advancing AI, Semiconductors, Additive Manufacturing and More",https://www.nist.gov/news-events/news/2025/08/nist-awards-over-18-million-small-businesses-advancing-ai-semiconductors,NEW UPDATE FOUND
2025-08-20 17:53:21,Indian Compliance,No updates found,NA,No new update
2025-08-20 17:53:21,GDPR,No updates found,NA,No new update
2025-08-20 17:53:21,FERPA,No updates found,NA,No new update
2025-08-20 17:53:21,NIST,No updates found,NA,No new update
2025-08-20 18:04:30,Indian Compliance,No updates found,NA,No new update
2025-08-20 18:04:30,GDPR,No updates found,NA,No new update
2025-08-20 18:04:30,FERPA,No updates found,NA,No new update
2025-08-20 18:04:30,NIST,No updates found,NA,No new update
2025-08-20 13:58:35,Indian Compliance,No updates found,NA,No new update
2025-08-20 13:58:35,GDPR,No updates found,NA,No new update
2025-08-20 13:58:35,FERPA,No updates found,NA,No new update
2025-08-20 13:58:35,NIST,No updates found,NA,No new update
2025-08-20 14:11:56,Indian Compliance,No updates found,NA,No new update
2025-08-20 14:11:56,GDPR,No updates found,NA,No new update
2025-08-20 14:11:56,FERPA,No updates found,NA,No new update
2025-08-20 14:11:56,NIST,NIST Researchers Develop More Accurate Formula for Measuring Particle Concentration,https://www.nist.gov/news-events/news/2025/08/nist-researchers-develop-more-accurate-formula-measuring-particle,NEW UPDATE FOUND
2025-08-20 15:12:21,Indian Compliance,No updates found,NA,No new update
2025-08-20 15:12:21,GDPR,No updates found,NA,No new update
2025-08-20 15:12:21,FERPA,No updates found,NA,No new update
2025-08-20 15:12:21,NIST,NIST Researchers Develop More Accurate Formula for Measuring Particle Concentration,https://www.nist.gov/news-events/news/2025/08/nist-researchers-develop-more-accurate-formula-measuring-particle,NEW UPDATE FOUND
2025-08-20 16:14:19,Indian Compliance,No updates found,NA,No new update
2025-08-20 16:14:19,GDPR,No updates found,NA,No new update
2025-08-20 16:14:19,FERPA,No updates found,NA,No new update
2025-08-20 16:14:19,NIST,NIST Researchers Develop More Accurate Formula for Measuring Particle Concentration,https://www.nist.gov/news-events/news/2025/08/nist-researchers-develop-more-accurate-formula-measuring-particle,NEW UPDATE FOUND
2025-08-20 17:10:05,Indian Compliance,No updates found,NA,No new update
2025-08-20 17:10:05,GDPR,No updates found,NA,No new update
2025-08-20 17:10:05,FERPA,No updates found,NA,No new update
2025-08-20 17:10:05,NIST,NIST Researchers Develop More Accurate Formula for Measuring Particle Concentration,https://www.nist.gov/news-events/news/2025/08/nist-researchers-develop-more-accurate-formula-measuring-particle,NEW UPDATE FOUND
2025-08-20 17:59:05,Indian Compliance,No updates found,NA,No new update
2025-08-20 17:59:05,GDPR,No updates found,NA,No new update
2025-08-20 17:59:05,FERPA,No updates found,NA,No new update
2025-08-20 17:59:05,NIST,NIST Researchers Develop More Accurate Formula for Measuring Particle Concentration,https://www.nist.gov/news-events/news/2025/08/nist-researchers-develop-more-accurate-formula-measuring-particle,NEW UPDATE FOUND
2025-08-20 18:16:17,Indian Compliance,No updates found,NA,No new update
2025-08-20 18:16:17,GDPR,No updates found,NA,No new update
2025-08-20 18:16:17,FERPA,No updates found,NA,No new update
2025-08-20 18:16:17,NIST,No updates found,NA,No new update
2025-08-20 19:09:06,Indian Compliance,No updates found,NA,No new update
2025-08-20 19:09:06,GDPR,No updates found,NA,No new update
2025-08-20 19:09:06,FERPA,No updates found,NA,No new update
2025-08-20 19:09:06,NIST,No updates found,NA,No new update
2025-08-20 20:12:52,Indian Compliance,No updates found,NA,No new update
2025-08-20 20:12:52,GDPR,No updates found,NA,No new update
2025-08-20 20:12:52,FERPA,No updates found,NA,No new update
2025-08-20 20:12:52,NIST,No updates found,NA,No new update
2025-08-20 21:10:30,Indian Compliance,No updates found,NA,No new update
2025-08-20 21:10:30,GDPR,No updates found,NA,No new update
2025-08-20 21:10:30,FERPA,No updates found,NA,No new update
2025-08-20 21:10:30,NIST,No updates found,NA,No new update
2025-08-20 22:09:47,Indian Compliance,No updates found,NA,No new update
2025-08-20 22:09:47,GDPR,No updates found,NA,No new update
2025-08-20 22:09:47,FERPA,No updates found,NA,No new update
2025-08-20 22:09:47,NIST,No updates found,NA,No new update
2025-08-20 23:10:29,Indian Compliance,No updates found,NA,No new update
2025-08-20 23:10:29,GDPR,No updates found,NA,No new update
2025-08-20 23:10:29,FERPA,No updates found,NA,No new update
2025-08-20 23:10:29,NIST,No updates found,NA,No new update
2025-08-21 00:52:53,Indian Compliance,No updates found,NA,No new update
2025-08-21 00:52:53,GDPR,No updates found,NA,No new update
2025-08-21 00:52:53,FERPA,No updates found,NA,No new update
2025-08-21 00:52:53,NIST,No updates found,NA,No new update
2025-08-21 02:25:19,Indian Compliance,No updates found,NA,No new update
2025-08-21 02:25:19,GDPR,No updates found,NA,No new update
2025-08-21 02:25:19,FERPA,No updates found,NA,No new update
2025-08-21 02:25:19,NIST,No updates found,NA,No new update
2025-08-21 03:35:16,Indian Compliance,No updates found,NA,No new update
2025-08-21 03:35:16,GDPR,No updates found,NA,No new update
2025-08-21 03:35:16,FERPA,No updates found,NA,No new update
2025-08-21 03:35:16,NIST,No updates found,NA,No new update
2025-08-21 04:14:39,Indian Compliance,No updates found,NA,No new update
2025-08-21 04:14:39,GDPR,No updates found,NA,No new update
2025-08-21 04:14:39,FERPA,No updates found,NA,No new update
2025-08-21 04:14:39,NIST,No updates found,NA,No new update
2025-08-21 05:12:09,Indian Compliance,No updates found,NA,No new update
2025-08-21 05:12:09,GDPR,No updates found,NA,No new update
2025-08-21 05:12:09,FERPA,No updates found,NA,No new update
2025-08-21 05:12:09,NIST,No updates found,NA,No new update
2025-08-21 06:26:34,Indian Compliance,No updates found,NA,No new update
2025-08-21 06:26:34,GDPR,No updates found,NA,No new update
2025-08-21 06:26:34,FERPA,No updates found,NA,No new update
2025-08-21 06:26:34,NIST,No updates found,NA,No new update
